cruise,ship,date,time_PDT,datetime_UTC,set,Latitude,Longitude,state,gearType,itisTSN,scientificName,totalNumber,totalWeightkg
202506,LBC,06/17/25,09:55:00 AM,2025-06-17T16:55:00,1,32.7866,-117.26145,California,purseseine,161729,Sardinops sagax,360,96.615096
202506,LBC,06/17/25,09:55:00 AM,2025-06-17T16:55:00,1,32.7866,-117.26145,California,purseseine,161828,Engraulis mordax,2,0.0386
202506,LBC,06/17/25,09:55:00 AM,2025-06-17T16:55:00,1,32.7866,-117.26145,California,purseseine,162028,Osmeridae,142,NA
202506,LBC,06/17/25,09:55:00 AM,2025-06-17T16:55:00,1,32.7866,-117.26145,California,purseseine,172702,Pleuronectiformes,2,NA
202506,LBC,06/17/25,12:45:00 PM,2025-06-17T19:45:00,2,32.9261666666667,-117.268833333333,California,purseseine,161729,Sardinops sagax,345,29.937072
202506,LBC,06/17/25,12:45:00 PM,2025-06-17T19:45:00,2,32.9261666666667,-117.268833333333,California,purseseine,162028,Osmeridae,5,NA
202506,LBC,06/17/25,12:45:00 PM,2025-06-17T19:45:00,2,32.9261666666667,-117.268833333333,California,purseseine,172412,Scomber japonicus,6,1.2592
202506,LBC,06/17/25,05:40:00 PM,2025-06-18T00:40:00,3,33.1777833333333,-117.383366666667,California,purseseine,161729,Sardinops sagax,1,0.057
202506,LBC,06/17/25,05:40:00 PM,2025-06-18T00:40:00,3,33.1777833333333,-117.383366666667,California,purseseine,161828,Engraulis mordax,691,14.74174
202506,LBC,06/17/25,05:40:00 PM,2025-06-18T00:40:00,3,33.1777833333333,-117.383366666667,California,purseseine,162028,Osmeridae,8,NA
202506,LBC,06/17/25,05:40:00 PM,2025-06-18T00:40:00,3,33.1777833333333,-117.383366666667,California,purseseine,166443,Syngnathidae,1,NA
202506,LBC,06/17/25,05:40:00 PM,2025-06-18T00:40:00,3,33.1777833333333,-117.383366666667,California,purseseine,172412,Scomber japonicus,4,1.0535
202506,LBC,06/17/25,05:40:00 PM,2025-06-18T00:40:00,3,33.1777833333333,-117.383366666667,California,purseseine,172565,Peprilus simillimus,36,NA
202506,LBC,06/18/25,06:34:00 AM,2025-06-18T13:34:00,4,33.232,-117.430666666667,California,purseseine,161828,Engraulis mordax,1373,25.401152
202506,LBC,06/18/25,06:34:00 AM,2025-06-18T13:34:00,4,33.232,-117.430666666667,California,purseseine,162374,Synodontidae,5,NA
202506,LBC,06/18/25,06:34:00 AM,2025-06-18T13:34:00,4,33.232,-117.430666666667,California,purseseine,172702,Pleuronectiformes,1,NA
202506,LBC,06/18/25,09:06:00 AM,2025-06-18T16:06:00,5,33.2803333333333,-117.613166666667,California,purseseine,161828,Engraulis mordax,1391,29.937072
202506,LBC,06/18/25,04:43:00 PM,2025-06-18T23:43:00,6,33.5773333333333,-117.943666666667,California,purseseine,161828,Engraulis mordax,20,0.3665
202506,LBC,06/18/25,06:05:00 PM,2025-06-19T01:05:00,7,33.6285666666667,-117.979033333333,California,purseseine,161828,Engraulis mordax,967,18.597272
202506,LBC,06/19/25,08:46:00 AM,2025-06-19T15:46:00,8,33.474,-118.60915,California,purseseine,168586,Trachurus symmetricus,8,NA
202506,LBC,06/19/25,08:46:00 AM,2025-06-19T15:46:00,8,33.474,-118.60915,California,purseseine,172412,Scomber japonicus,111,28.576296
202506,LBC,06/20/25,03:40:00 PM,2025-06-20T22:40:00,9,33.7023833333333,-118.073166666667,California,purseseine,161828,Engraulis mordax,996,16.782904
202506,LBC,06/20/25,03:40:00 PM,2025-06-20T22:40:00,9,33.7023833333333,-118.073166666667,California,purseseine,164414,Porichthys notatus,1,NA
202506,LBC,06/20/25,03:40:00 PM,2025-06-20T22:40:00,9,33.7023833333333,-118.073166666667,California,purseseine,167640,Perciformes,1,NA
202506,LBC,06/20/25,03:40:00 PM,2025-06-20T22:40:00,9,33.7023833333333,-118.073166666667,California,purseseine,169257,Genyonemus lineatus,28,NA
202506,LBC,06/21/25,12:30:00 PM,2025-06-21T19:30:00,10,33.8850666666667,-118.42305,California,purseseine,161729,Sardinops sagax,353,26.761928
202506,LBC,06/21/25,12:30:00 PM,2025-06-21T19:30:00,10,33.8850666666667,-118.42305,California,purseseine,162374,Synodontidae,1,NA
202506,LBC,06/21/25,12:30:00 PM,2025-06-21T19:30:00,10,33.8850666666667,-118.42305,California,purseseine,168586,Trachurus symmetricus,1,NA
202506,LBC,06/21/25,12:30:00 PM,2025-06-21T19:30:00,10,33.8850666666667,-118.42305,California,purseseine,172412,Scomber japonicus,1,0.1035
202506,LBC,06/21/25,12:30:00 PM,2025-06-21T19:30:00,10,33.8850666666667,-118.42305,California,purseseine,172702,Pleuronectiformes,1,NA
202506,LBC,06/21/25,01:54:00 PM,2025-06-21T20:54:00,11,33.9476666666667,-118.453833333333,California,purseseine,161729,Sardinops sagax,388,32.658624
202506,LBC,06/21/25,01:54:00 PM,2025-06-21T20:54:00,11,33.9476666666667,-118.453833333333,California,purseseine,172565,Peprilus simillimus,3,NA
202506,LBC,06/21/25,06:30:00 PM,2025-06-22T01:30:00,12,34.0283833333333,-118.724033333333,California,purseseine,161729,Sardinops sagax,355,25.854744
202506,LBC,06/21/25,06:30:00 PM,2025-06-22T01:30:00,12,34.0283833333333,-118.724033333333,California,purseseine,162028,Osmeridae,1,NA
202506,LBC,06/21/25,06:30:00 PM,2025-06-22T01:30:00,12,34.0283833333333,-118.724033333333,California,purseseine,168586,Trachurus symmetricus,4,NA
202506,LBC,06/21/25,06:30:00 PM,2025-06-22T01:30:00,12,34.0283833333333,-118.724033333333,California,purseseine,169735,Embiotocidae,1,NA
202506,LBC,06/21/25,06:30:00 PM,2025-06-22T01:30:00,12,34.0283833333333,-118.724033333333,California,purseseine,172412,Scomber japonicus,9,1.5826
202506,LBC,06/21/25,06:30:00 PM,2025-06-22T01:30:00,12,34.0283833333333,-118.724033333333,California,purseseine,172565,Peprilus simillimus,18,NA
202506,LBC,06/22/25,11:10:00 AM,2025-06-22T18:10:00,13,34.0322666666667,-119.140683333333,California,purseseine,161828,Engraulis mordax,1089,19.958048
202506,LBC,06/22/25,11:10:00 AM,2025-06-22T18:10:00,13,34.0322666666667,-119.140683333333,California,purseseine,172565,Peprilus simillimus,1,NA
202506,LBC,06/22/25,04:29:00 PM,2025-06-22T23:29:00,14,34.2372833333333,-119.2841,California,purseseine,82371,Doryteuthis opalescens,1,NA
202506,LBC,06/22/25,04:29:00 PM,2025-06-22T23:29:00,14,34.2372833333333,-119.2841,California,purseseine,161828,Engraulis mordax,1296,23.133192
202506,LBC,06/22/25,04:29:00 PM,2025-06-22T23:29:00,14,34.2372833333333,-119.2841,California,purseseine,162374,Synodontidae,2,NA
202506,LBC,06/23/25,08:08:00 AM,2025-06-23T15:08:00,15,34.30555,-119.385483333333,California,purseseine,161729,Sardinops sagax,18,1.1244
202506,LBC,06/23/25,08:08:00 AM,2025-06-23T15:08:00,15,34.30555,-119.385483333333,California,purseseine,161828,Engraulis mordax,1444,22.226008
202506,LBC,06/23/25,08:08:00 AM,2025-06-23T15:08:00,15,34.30555,-119.385483333333,California,purseseine,162374,Synodontidae,0,NA
202506,LBC,06/23/25,08:08:00 AM,2025-06-23T15:08:00,15,34.30555,-119.385483333333,California,purseseine,166443,Syngnathidae,1,NA
202506,LBC,06/23/25,10:35:00 AM,2025-06-23T17:35:00,16,34.3863333333333,-119.528,California,purseseine,161729,Sardinops sagax,339,21.318824
202506,LBC,06/23/25,10:35:00 AM,2025-06-23T17:35:00,16,34.3863333333333,-119.528,California,purseseine,172565,Peprilus simillimus,192,NA
202506,LBC,06/23/25,10:35:00 AM,2025-06-23T17:35:00,16,34.3863333333333,-119.528,California,purseseine,172715,Citharichthys,1,NA
202506,LBC,06/23/25,01:35:00 PM,2025-06-23T20:35:00,17,34.4043333333333,-119.783466666667,California,purseseine,161729,Sardinops sagax,386,24.94756
202506,LBC,06/23/25,01:35:00 PM,2025-06-23T20:35:00,17,34.4043333333333,-119.783466666667,California,purseseine,172565,Peprilus simillimus,5,NA
202506,LBC,06/23/25,03:59:00 PM,2025-06-23T22:59:00,18,34.4365833333333,-119.974166666667,California,purseseine,161729,Sardinops sagax,466,32.658624
202506,LBC,06/23/25,03:59:00 PM,2025-06-23T22:59:00,18,34.4365833333333,-119.974166666667,California,purseseine,162028,Osmeridae,2,NA
202506,LBC,06/24/25,03:40:00 PM,2025-06-24T22:40:00,19,33.9738333333333,-119.680166666667,California,purseseine,82371,Doryteuthis opalescens,87,3.175144
202506,LBC,06/24/25,03:40:00 PM,2025-06-24T22:40:00,19,33.9738333333333,-119.680166666667,California,purseseine,161729,Sardinops sagax,1,0.0703
202506,LBC,06/24/25,03:40:00 PM,2025-06-24T22:40:00,19,33.9738333333333,-119.680166666667,California,purseseine,168586,Trachurus symmetricus,91,5.896696
202506,LBC,06/24/25,09:37:00 PM,2025-06-25T04:37:00,20,34.01045,-119.524633333333,California,purseseine,161828,Engraulis mordax,981,19.504456
202506,LBC,06/26/25,06:17:00 AM,2025-06-26T13:17:00,21,34.02665,-119.621933333333,California,purseseine,82371,Doryteuthis opalescens,25,NA
202506,LBC,06/26/25,06:17:00 AM,2025-06-26T13:17:00,21,34.02665,-119.621933333333,California,purseseine,161729,Sardinops sagax,320,21.772416
202506,LBC,06/26/25,06:17:00 AM,2025-06-26T13:17:00,21,34.02665,-119.621933333333,California,purseseine,162028,Osmeridae,1,NA
202506,LBC,06/26/25,06:17:00 AM,2025-06-26T13:17:00,21,34.02665,-119.621933333333,California,purseseine,166705,Sebastes,1,NA
202506,LBC,06/26/25,06:17:00 AM,2025-06-26T13:17:00,21,34.02665,-119.621933333333,California,purseseine,168586,Trachurus symmetricus,4,0.082
202506,LBC,06/27/25,01:14:00 PM,2025-06-27T20:14:00,22,34.859,-120.627166666667,California,purseseine,161828,Engraulis mordax,1117,22.6796
202506,LBC,06/27/25,01:14:00 PM,2025-06-27T20:14:00,22,34.859,-120.627166666667,California,purseseine,162028,Osmeridae,1,NA
202506,LBC,06/27/25,03:44:00 PM,2025-06-27T22:44:00,23,34.9258333333333,-120.673166666667,California,purseseine,161729,Sardinops sagax,239,24.493968
202506,LBC,06/27/25,03:44:00 PM,2025-06-27T22:44:00,23,34.9258333333333,-120.673166666667,California,purseseine,162028,Osmeridae,25,NA
202506,LBC,06/27/25,04:44:00 PM,2025-06-27T23:44:00,24,34.9826666666667,-120.660483333333,California,purseseine,161729,Sardinops sagax,309,28.122704
202506,LBC,06/27/25,04:44:00 PM,2025-06-27T23:44:00,24,34.9826666666667,-120.660483333333,California,purseseine,162028,Osmeridae,12,NA
202506,LBC,06/29/25,07:40:00 AM,2025-06-29T14:40:00,25,35.4368166666667,-120.962666666667,California,purseseine,161729,Sardinops sagax,286,27.21552
202506,LBC,06/29/25,07:40:00 AM,2025-06-29T14:40:00,25,35.4368166666667,-120.962666666667,California,purseseine,162028,Osmeridae,3,NA
202506,LBC,06/29/25,12:46:00 PM,2025-06-29T19:46:00,26,35.6312666666667,-121.176416666667,California,purseseine,161729,Sardinops sagax,238,19.050864
202506,LBC,06/29/25,12:46:00 PM,2025-06-29T19:46:00,26,35.6312666666667,-121.176416666667,California,purseseine,162028,Osmeridae,9,NA
202506,LBC,06/29/25,12:46:00 PM,2025-06-29T19:46:00,26,35.6312666666667,-121.176416666667,California,purseseine,166705,Sebastes,43,NA
202506,LBC,06/30/25,01:33:00 PM,2025-06-30T20:33:00,27,35.999,-121.515666666667,California,purseseine,161729,Sardinops sagax,328,26.308336
202506,LBC,06/30/25,01:33:00 PM,2025-06-30T20:33:00,27,35.999,-121.515666666667,California,purseseine,162028,Osmeridae,2,NA
202506,LBC,06/30/25,01:33:00 PM,2025-06-30T20:33:00,27,35.999,-121.515666666667,California,purseseine,172412,Scomber japonicus,3,0.7698
202506,LBC,06/30/25,06:56:00 PM,2025-07-01T01:56:00,28,36.2106666666667,-121.762833333333,California,purseseine,166705,Sebastes,192,0.907184
202506,LBC,06/30/25,06:56:00 PM,2025-07-01T01:56:00,28,36.2106666666667,-121.762833333333,California,purseseine,168586,Trachurus symmetricus,151,5.443104
202506,LBC,07/03/25,09:03:00 AM,2025-07-03T16:03:00,29,36.7803333333333,-121.854333333333,California,purseseine,161729,Sardinops sagax,267,27.669112
202506,LBC,07/03/25,09:03:00 AM,2025-07-03T16:03:00,29,36.7803333333333,-121.854333333333,California,purseseine,162028,Osmeridae,8,NA
202506,LBC,07/03/25,09:03:00 AM,2025-07-03T16:03:00,29,36.7803333333333,-121.854333333333,California,purseseine,168586,Trachurus symmetricus,1,0.2602
202506,LBC,07/03/25,12:06:00 PM,2025-07-03T19:06:00,30,36.9395,-121.885666666667,California,purseseine,161729,Sardinops sagax,4,0.3891
202506,LBC,07/03/25,12:06:00 PM,2025-07-03T19:06:00,30,36.9395,-121.885666666667,California,purseseine,161828,Engraulis mordax,1430,14.061352
202506,LBC,07/03/25,12:06:00 PM,2025-07-03T19:06:00,30,36.9395,-121.885666666667,California,purseseine,162028,Osmeridae,5,NA
202506,LBC,07/03/25,12:06:00 PM,2025-07-03T19:06:00,30,36.9395,-121.885666666667,California,purseseine,169735,Embiotocidae,6,NA
202506,LBC,07/03/25,12:06:00 PM,2025-07-03T19:06:00,30,36.9395,-121.885666666667,California,purseseine,172702,Pleuronectiformes,1,NA
202506,LM,07/22/25,11:54:00 AM,2025-07-22T18:54:00,1,37.206,-122.5056,California,purseseine,51658,Chrysaora fuscescens,1,1.903
202506,LM,07/22/25,11:54:00 AM,2025-07-22T18:54:00,1,37.206,-122.5056,California,purseseine,51701,Aurelia aurita,4,1.897
202506,LM,07/22/25,11:54:00 AM,2025-07-22T18:54:00,1,37.206,-122.5056,California,purseseine,82371,Doryteuthis opalescens,327,2.1565
202506,LM,07/22/25,11:54:00 AM,2025-07-22T18:54:00,1,37.206,-122.5056,California,purseseine,159636,Pyrosoma atlanticum,8,0.0895
202506,LM,07/22/25,11:54:00 AM,2025-07-22T18:54:00,1,37.206,-122.5056,California,purseseine,160833,Torpedo californica,1,0.4435
202506,LM,07/22/25,11:54:00 AM,2025-07-22T18:54:00,1,37.206,-122.5056,California,purseseine,161828,Engraulis mordax,1,0.0235
202506,LM,07/22/25,11:54:00 AM,2025-07-22T18:54:00,1,37.206,-122.5056,California,purseseine,161980,Oncorhynchus tshawytscha,4,0.1545
202506,LM,07/22/25,11:54:00 AM,2025-07-22T18:54:00,1,37.206,-122.5056,California,purseseine,166012,Atherinopsis californiensis,26,3.399
202506,LM,07/22/25,11:54:00 AM,2025-07-22T18:54:00,1,37.206,-122.5056,California,purseseine,166443,Syngnathidae,2,0.003
202506,LM,07/22/25,11:54:00 AM,2025-07-22T18:54:00,1,37.206,-122.5056,California,purseseine,166705,Sebastes,1,5.00E-04
202506,LM,07/22/25,11:54:00 AM,2025-07-22T18:54:00,1,37.206,-122.5056,California,purseseine,167123,Anoplopoma fimbria,3,0.122
202506,LM,07/22/25,11:54:00 AM,2025-07-22T18:54:00,1,37.206,-122.5056,California,purseseine,167483,Cyclopteridae,1,0.001
202506,LM,07/22/25,11:54:00 AM,2025-07-22T18:54:00,1,37.206,-122.5056,California,purseseine,171345,Anarrhichthys ocellatus,1,0.0835
202506,LM,07/22/25,11:54:00 AM,2025-07-22T18:54:00,1,37.206,-122.5056,California,purseseine,172563,Stromateidae,2,0.2025
202506,LM,07/22/25,11:54:00 AM,2025-07-22T18:54:00,1,37.206,-122.5056,California,purseseine,692068,Scorpaenichthys marmoratus,1,0.001
202506,LM,07/22/25,12:24:00 PM,2025-07-22T19:24:00,2,37.2123,-122.5074,California,purseseine,51701,Aurelia aurita,6,2.324
202506,LM,07/22/25,12:24:00 PM,2025-07-22T19:24:00,2,37.2123,-122.5074,California,purseseine,82371,Doryteuthis opalescens,177,1.308
202506,LM,07/22/25,12:24:00 PM,2025-07-22T19:24:00,2,37.2123,-122.5074,California,purseseine,159636,Pyrosoma atlanticum,67,0.767
202506,LM,07/22/25,12:24:00 PM,2025-07-22T19:24:00,2,37.2123,-122.5074,California,purseseine,161729,Sardinops sagax,1,0.093
202506,LM,07/22/25,12:24:00 PM,2025-07-22T19:24:00,2,37.2123,-122.5074,California,purseseine,161828,Engraulis mordax,2,0.0485
202506,LM,07/22/25,12:24:00 PM,2025-07-22T19:24:00,2,37.2123,-122.5074,California,purseseine,166012,Atherinopsis californiensis,6,0.7915
202506,LM,07/22/25,12:24:00 PM,2025-07-22T19:24:00,2,37.2123,-122.5074,California,purseseine,166443,Syngnathidae,1,0.002
202506,LM,07/22/25,12:24:00 PM,2025-07-22T19:24:00,2,37.2123,-122.5074,California,purseseine,166705,Sebastes,1,5.00E-04
202506,LM,07/22/25,12:24:00 PM,2025-07-22T19:24:00,2,37.2123,-122.5074,California,purseseine,168586,Trachurus symmetricus,1,0.014
202506,LM,07/22/25,01:26:54 PM,2025-07-22T20:26:54,3,37.2474,-122.5052,California,purseseine,161828,Engraulis mordax,352,7.3955
202506,LM,07/23/25,07:36:00 AM,2025-07-23T14:36:00,4,37.7306,-122.5594,California,purseseine,161828,Engraulis mordax,515,9.936
202506,LM,07/23/25,07:36:00 AM,2025-07-23T14:36:00,4,37.7306,-122.5594,California,purseseine,551209,Clupea pallasii,2,0.009
202506,LM,07/23/25,11:58:00 AM,2025-07-23T18:58:00,5,37.8869,-122.806,California,purseseine,51267,Velella velella,7,0.035
202506,LM,07/23/25,11:58:00 AM,2025-07-23T18:58:00,5,37.8869,-122.806,California,purseseine,51658,Chrysaora fuscescens,4,2.4845
202506,LM,07/23/25,11:58:00 AM,2025-07-23T18:58:00,5,37.8869,-122.806,California,purseseine,161980,Oncorhynchus tshawytscha,2,0.086
202506,LM,07/23/25,11:58:00 AM,2025-07-23T18:58:00,5,37.8869,-122.806,California,purseseine,166012,Atherinopsis californiensis,120,12.0225
202506,LM,07/23/25,01:07:00 PM,2025-07-23T20:07:00,6,37.871,-122.8492,California,purseseine,51483,Scyphozoa,2,NA
202506,LM,07/24/25,08:03:00 AM,2025-07-24T15:03:00,7,38.0332,-123.0934,California,purseseine,161828,Engraulis mordax,522,13.377
202506,LM,07/25/25,10:53:00 AM,2025-07-25T17:53:00,8,38.769,-123.5579,California,purseseine,51696,Phacellophora camtschatica,5,NA
202506,LM,07/25/25,04:11:00 PM,2025-07-25T23:11:00,9,38.9761,-123.7271,California,purseseine,161729,Sardinops sagax,34,3.477
202506,LM,07/25/25,04:11:00 PM,2025-07-25T23:11:00,9,38.9761,-123.7271,California,purseseine,551209,Clupea pallasii,142,10.3815
202506,LM,07/26/25,11:00:00 AM,2025-07-26T18:00:00,10,39.3287,-123.8264,California,purseseine,51696,Phacellophora camtschatica,2,NA
202506,LM,07/27/25,10:36:00 AM,2025-07-27T17:36:00,11,39.8714,-123.9313,California,purseseine,159916,Alopias vulpinus,1,NA
202506,LM,07/27/25,10:36:00 AM,2025-07-27T17:36:00,11,39.8714,-123.9313,California,purseseine,161729,Sardinops sagax,4,0.429
202506,LM,07/27/25,10:36:00 AM,2025-07-27T17:36:00,11,39.8714,-123.9313,California,purseseine,162030,Hypomesus pretiosus,133,6.2655
202506,LM,07/27/25,10:36:00 AM,2025-07-27T17:36:00,11,39.8714,-123.9313,California,purseseine,166012,Atherinopsis californiensis,1,0.1265
202506,LM,07/27/25,10:36:00 AM,2025-07-27T17:36:00,11,39.8714,-123.9313,California,purseseine,551209,Clupea pallasii,97,4.8545
202506,LM,07/27/25,12:06:00 PM,2025-07-27T19:06:00,12,39.9295,-123.9777,California,purseseine,161729,Sardinops sagax,95,13.309
202506,LM,07/27/25,04:17:00 PM,2025-07-27T23:17:00,13,40.0505,-124.0827,California,purseseine,161729,Sardinops sagax,6,0.93
202506,LM,07/30/25,12:15:00 PM,2025-07-30T19:15:00,14,41.0361,-124.1465,California,purseseine,51658,Chrysaora fuscescens,1,0.188
202506,LM,07/30/25,12:15:00 PM,2025-07-30T19:15:00,14,41.0361,-124.1465,California,purseseine,161729,Sardinops sagax,2,0.24
202506,LM,07/30/25,12:15:00 PM,2025-07-30T19:15:00,14,41.0361,-124.1465,California,purseseine,161980,Oncorhynchus tshawytscha,1,0.0285
202506,LM,07/30/25,12:15:00 PM,2025-07-30T19:15:00,14,41.0361,-124.1465,California,purseseine,162030,Hypomesus pretiosus,25,0.1255
202506,LM,07/30/25,12:15:00 PM,2025-07-30T19:15:00,14,41.0361,-124.1465,California,purseseine,164719,Microgadus proximus,3,0.0125
202506,LM,07/30/25,12:15:00 PM,2025-07-30T19:15:00,14,41.0361,-124.1465,California,purseseine,166012,Atherinopsis californiensis,59,8.091
202506,LM,07/30/25,12:15:00 PM,2025-07-30T19:15:00,14,41.0361,-124.1465,California,purseseine,172919,Isopsetta isolepis,1,0.128
202506,LM,07/30/25,12:15:00 PM,2025-07-30T19:15:00,14,41.0361,-124.1465,California,purseseine,551209,Clupea pallasii,51,2.125
202506,LM,07/31/25,08:43:00 AM,2025-07-31T15:43:00,15,41.3879,-124.0865,California,purseseine,162030,Hypomesus pretiosus,1012,4.948
202506,LM,07/31/25,08:43:00 AM,2025-07-31T15:43:00,15,41.3879,-124.0865,California,purseseine,166012,Atherinopsis californiensis,1,0.1405
202506,LM,07/31/25,08:43:00 AM,2025-07-31T15:43:00,15,41.3879,-124.0865,California,purseseine,551209,Clupea pallasii,34,0.1185
202506,LM,08/01/25,08:13:00 AM,2025-08-01T15:13:00,16,42.0767,-124.4282,Oregon,purseseine,165609,Cololabis saira,13,0.151
202506,LM,08/01/25,08:13:00 AM,2025-08-01T15:13:00,16,42.0767,-124.4282,Oregon,purseseine,168586,Trachurus symmetricus,1,0.3005
202506,LM,08/14/25,11:30:00 AM,2025-08-14T18:30:00,17,43.6951,-124.2193,Oregon,purseseine,48738,Cnidaria,132,1.0595
202506,LM,08/14/25,11:30:00 AM,2025-08-14T18:30:00,17,43.6951,-124.2193,Oregon,purseseine,53856,Ctenophora,251,0.177
202506,LM,08/14/25,11:30:00 AM,2025-08-14T18:30:00,17,43.6951,-124.2193,Oregon,purseseine,551209,Clupea pallasii,1789,6.0905
202506,LM,08/14/25,02:53:00 PM,2025-08-14T21:53:00,18,43.8143,-124.1937,Oregon,purseseine,48738,Cnidaria,214,10.725
202506,LM,08/14/25,02:53:00 PM,2025-08-14T21:53:00,18,43.8143,-124.1937,Oregon,purseseine,160833,Torpedo californica,1,0.316
202506,LM,08/14/25,02:53:00 PM,2025-08-14T21:53:00,18,43.8143,-124.1937,Oregon,purseseine,162028,Osmeridae,21,0.0385
202506,LM,08/14/25,02:53:00 PM,2025-08-14T21:53:00,18,43.8143,-124.1937,Oregon,purseseine,162030,Hypomesus pretiosus,25,0.309
202506,LM,08/18/25,07:18:00 AM,2025-08-18T14:18:00,19,44.6328,-124.1053,Oregon,purseseine,51483,Scyphozoa,NA,NA
202506,LM,08/19/25,07:06:00 AM,2025-08-19T14:06:00,20,45.3266,-123.9871,Oregon,purseseine,48738,Cnidaria,194,8.316
202506,LM,08/19/25,07:06:00 AM,2025-08-19T14:06:00,20,45.3266,-123.9871,Oregon,purseseine,51658,Chrysaora fuscescens,1,0.42
202506,LM,08/19/25,07:06:00 AM,2025-08-19T14:06:00,20,45.3266,-123.9871,Oregon,purseseine,53856,Ctenophora,48,0.06
202506,LM,08/19/25,07:06:00 AM,2025-08-19T14:06:00,20,45.3266,-123.9871,Oregon,purseseine,82371,Doryteuthis opalescens,4,0.002
202506,LM,08/19/25,07:06:00 AM,2025-08-19T14:06:00,20,45.3266,-123.9871,Oregon,purseseine,161702,Alosa sapidissima,1,0.872
202506,LM,08/19/25,07:06:00 AM,2025-08-19T14:06:00,20,45.3266,-123.9871,Oregon,purseseine,162028,Osmeridae,20,0.015
202506,LM,08/19/25,07:06:00 AM,2025-08-19T14:06:00,20,45.3266,-123.9871,Oregon,purseseine,172919,Isopsetta isolepis,1,0.164
202506,LM,08/19/25,01:08:00 PM,2025-08-19T20:08:00,21,45.5843,-124.0822,Oregon,purseseine,48738,Cnidaria,51,7.221
202506,LM,08/19/25,01:08:00 PM,2025-08-19T20:08:00,21,45.5843,-124.0822,Oregon,purseseine,51658,Chrysaora fuscescens,13,2.089
202506,LM,08/19/25,01:08:00 PM,2025-08-19T20:08:00,21,45.5843,-124.0822,Oregon,purseseine,164719,Microgadus proximus,3,0.007
202506,LM,08/19/25,01:08:00 PM,2025-08-19T20:08:00,21,45.5843,-124.0822,Oregon,purseseine,168586,Trachurus symmetricus,12,11.858
202506,LM,08/19/25,03:10:00 PM,2025-08-19T22:10:00,22,45.6697,-123.9593,Oregon,purseseine,48738,Cnidaria,108,5.03
202506,LM,08/19/25,03:10:00 PM,2025-08-19T22:10:00,22,45.6697,-123.9593,Oregon,purseseine,51658,Chrysaora fuscescens,5,4.508
202506,LM,08/19/25,03:10:00 PM,2025-08-19T22:10:00,22,45.6697,-123.9593,Oregon,purseseine,53856,Ctenophora,30,0.03
202506,LM,08/19/25,03:10:00 PM,2025-08-19T22:10:00,22,45.6697,-123.9593,Oregon,purseseine,161828,Engraulis mordax,4,0.0395
202506,LM,08/19/25,03:10:00 PM,2025-08-19T22:10:00,22,45.6697,-123.9593,Oregon,purseseine,162028,Osmeridae,30,0.0365
202506,LM,08/19/25,03:10:00 PM,2025-08-19T22:10:00,22,45.6697,-123.9593,Oregon,purseseine,162030,Hypomesus pretiosus,2,0.0245
202506,LM,08/19/25,03:10:00 PM,2025-08-19T22:10:00,22,45.6697,-123.9593,Oregon,purseseine,164711,Gadus macrocephalus,2,0.076
202506,LM,08/19/25,03:10:00 PM,2025-08-19T22:10:00,22,45.6697,-123.9593,Oregon,purseseine,551209,Clupea pallasii,70,0.466
202506,LM,08/20/25,08:19:00 AM,2025-08-20T15:19:00,23,45.7823,-124.1029,Oregon,purseseine,48738,Cnidaria,69,4.064
202506,LM,08/20/25,08:19:00 AM,2025-08-20T15:19:00,23,45.7823,-124.1029,Oregon,purseseine,51658,Chrysaora fuscescens,1,0.062
202506,LM,08/20/25,08:19:00 AM,2025-08-20T15:19:00,23,45.7823,-124.1029,Oregon,purseseine,164719,Microgadus proximus,4,0.011
202506,LM,08/20/25,08:19:00 AM,2025-08-20T15:19:00,23,45.7823,-124.1029,Oregon,purseseine,168586,Trachurus symmetricus,2,1.93
202506,LM,08/20/25,10:35:00 AM,2025-08-20T17:35:00,24,45.897,-123.9829,Oregon,purseseine,48738,Cnidaria,76,3.105
202506,LM,08/20/25,10:35:00 AM,2025-08-20T17:35:00,24,45.897,-123.9829,Oregon,purseseine,162028,Osmeridae,2,0.0015
202506,LM,08/20/25,10:35:00 AM,2025-08-20T17:35:00,24,45.897,-123.9829,Oregon,purseseine,162030,Hypomesus pretiosus,2,0.0225
202506,LM,08/20/25,10:35:00 AM,2025-08-20T17:35:00,24,45.897,-123.9829,Oregon,purseseine,551209,Clupea pallasii,46,0.3215
202506,LM,08/20/25,01:07:00 PM,2025-08-20T20:07:00,25,46.0173,-124.0674,Oregon,purseseine,51483,Scyphozoa,NA,NA
202506,LM,08/21/25,08:49:00 AM,2025-08-21T15:49:00,26,46.2666,-124.0713,Washington,purseseine,48738,Cnidaria,15,0.371
202506,LM,08/21/25,08:49:00 AM,2025-08-21T15:49:00,26,46.2666,-124.0713,Washington,purseseine,51658,Chrysaora fuscescens,4,1.5755
202506,LM,08/21/25,08:49:00 AM,2025-08-21T15:49:00,26,46.2666,-124.0713,Washington,purseseine,53856,Ctenophora,8,0.0035
202506,LM,08/21/25,08:49:00 AM,2025-08-21T15:49:00,26,46.2666,-124.0713,Washington,purseseine,162030,Hypomesus pretiosus,1379,9.125
202506,LM,08/21/25,08:49:00 AM,2025-08-21T15:49:00,26,46.2666,-124.0713,Washington,purseseine,164719,Microgadus proximus,1,0.003
202506,LM,08/21/25,08:49:00 AM,2025-08-21T15:49:00,26,46.2666,-124.0713,Washington,purseseine,551209,Clupea pallasii,15,0.1755
202506,LM,08/24/25,08:57:00 AM,2025-08-24T15:57:00,27,46.4648,-124.083,Washington,purseseine,51658,Chrysaora fuscescens,1,0.0535
202506,LM,08/24/25,08:57:00 AM,2025-08-24T15:57:00,27,46.4648,-124.083,Washington,purseseine,95600,Dendrobranchia,1,0.0055
202506,LM,08/24/25,08:57:00 AM,2025-08-24T15:57:00,27,46.4648,-124.083,Washington,purseseine,161702,Alosa sapidissima,1,0.0895
202506,LM,08/24/25,08:57:00 AM,2025-08-24T15:57:00,27,46.4648,-124.083,Washington,purseseine,161828,Engraulis mordax,4,0.1425
202506,LM,08/24/25,08:57:00 AM,2025-08-24T15:57:00,27,46.4648,-124.083,Washington,purseseine,162028,Osmeridae,127,0.2425
202506,LM,08/24/25,08:57:00 AM,2025-08-24T15:57:00,27,46.4648,-124.083,Washington,purseseine,162030,Hypomesus pretiosus,2,0.0415
202506,LM,08/24/25,08:57:00 AM,2025-08-24T15:57:00,27,46.4648,-124.083,Washington,purseseine,162053,Allosmerus elongatus,746,4.4955
202506,LM,08/24/25,08:57:00 AM,2025-08-24T15:57:00,27,46.4648,-124.083,Washington,purseseine,164711,Gadus macrocephalus,3,0.179
202506,LM,08/24/25,08:57:00 AM,2025-08-24T15:57:00,27,46.4648,-124.083,Washington,purseseine,164719,Microgadus proximus,39,0.218
202506,LM,08/24/25,08:57:00 AM,2025-08-24T15:57:00,27,46.4648,-124.083,Washington,purseseine,167302,Leptocottus armatus,1,0.036
202506,LM,08/24/25,08:57:00 AM,2025-08-24T15:57:00,27,46.4648,-124.083,Washington,purseseine,172921,Parophrys vetulus,10,0.45
202506,LM,08/24/25,08:57:00 AM,2025-08-24T15:57:00,27,46.4648,-124.083,Washington,purseseine,172928,Psettichthys melanostictus,1,0.078
202506,LM,08/24/25,08:57:00 AM,2025-08-24T15:57:00,27,46.4648,-124.083,Washington,purseseine,551209,Clupea pallasii,3,0.0445
202506,LM,08/24/25,01:49:00 PM,2025-08-24T20:49:00,28,46.7145,-124.2345,Washington,purseseine,51483,Scyphozoa,NA,NA
202506,LM,08/24/25,03:51:00 PM,2025-08-24T22:51:00,29,46.8264,-124.1674,Washington,purseseine,48738,Cnidaria,3,0.093
202506,LM,08/24/25,03:51:00 PM,2025-08-24T22:51:00,29,46.8264,-124.1674,Washington,purseseine,51658,Chrysaora fuscescens,17,9.97
202506,LM,08/24/25,03:51:00 PM,2025-08-24T22:51:00,29,46.8264,-124.1674,Washington,purseseine,53856,Ctenophora,42,0.0325
202506,LM,08/24/25,03:51:00 PM,2025-08-24T22:51:00,29,46.8264,-124.1674,Washington,purseseine,162030,Hypomesus pretiosus,38,0.5455
202506,LM,08/24/25,03:51:00 PM,2025-08-24T22:51:00,29,46.8264,-124.1674,Washington,purseseine,551209,Clupea pallasii,14,0.3315
202506,LM,08/25/25,02:34:00 PM,2025-08-25T21:34:00,30,47.4216,-124.4216,Washington,purseseine,48738,Cnidaria,5,0.1
202506,LM,08/25/25,02:34:00 PM,2025-08-25T21:34:00,30,47.4216,-124.4216,Washington,purseseine,51658,Chrysaora fuscescens,12,5.8885
202506,LM,08/25/25,02:34:00 PM,2025-08-25T21:34:00,30,47.4216,-124.4216,Washington,purseseine,53856,Ctenophora,76,0.167
202506,LM,08/25/25,02:34:00 PM,2025-08-25T21:34:00,30,47.4216,-124.4216,Washington,purseseine,162030,Hypomesus pretiosus,17,0.3005
202506,LM,08/25/25,02:34:00 PM,2025-08-25T21:34:00,30,47.4216,-124.4216,Washington,purseseine,162053,Allosmerus elongatus,82,0.967
202506,LM,08/25/25,02:34:00 PM,2025-08-25T21:34:00,30,47.4216,-124.4216,Washington,purseseine,172563,Stromateidae,2,0.272
202506,LM,08/25/25,02:34:00 PM,2025-08-25T21:34:00,30,47.4216,-124.4216,Washington,purseseine,551209,Clupea pallasii,92,0.7815
202506,LM,08/26/25,11:54:00 AM,2025-08-26T18:54:00,31,47.4263,-124.4765,Washington,purseseine,51483,Scyphozoa,NA,NA
202506,LM,08/26/25,02:39:00 PM,2025-08-26T21:39:00,32,47.525,-124.3819,Washington,purseseine,162030,Hypomesus pretiosus,508,5.984
202506,LM,08/26/25,02:39:00 PM,2025-08-26T21:39:00,32,47.525,-124.3819,Washington,purseseine,162053,Allosmerus elongatus,14,0.066
202506,LM,08/26/25,02:39:00 PM,2025-08-26T21:39:00,32,47.525,-124.3819,Washington,purseseine,551209,Clupea pallasii,737,4.1455
202506,LM,08/27/25,09:17:00 AM,2025-08-27T16:17:00,33,47.7696,-124.6193,Washington,purseseine,167123,Anoplopoma fimbria,1,0.1235
202506,LM,08/27/25,09:17:00 AM,2025-08-27T16:17:00,33,47.7696,-124.6193,Washington,purseseine,168586,Trachurus symmetricus,35,46.257
202506,LM,08/27/25,09:17:00 AM,2025-08-27T16:17:00,33,47.7696,-124.6193,Washington,purseseine,172893,Platichthys stellatus,2,2.273
202506,LM,08/27/25,01:37:00 PM,2025-08-27T20:37:00,34,47.9873,-124.8129,Washington,purseseine,51658,Chrysaora fuscescens,3,0.9035
202506,LM,08/27/25,01:37:00 PM,2025-08-27T20:37:00,34,47.9873,-124.8129,Washington,purseseine,168586,Trachurus symmetricus,18,20.984
